-- phpMyAdmin SQL Dump
-- version 5.1.0
-- https://www.phpmyadmin.net/
--
-- Host: 127.0.0.1
-- Generation Time: May 22, 2021 at 08:45 PM
-- Server version: 10.4.18-MariaDB
-- PHP Version: 8.0.3

SET SQL_MODE = "NO_AUTO_VALUE_ON_ZERO";
START TRANSACTION;
SET time_zone = "+00:00";


/*!40101 SET @OLD_CHARACTER_SET_CLIENT=@@CHARACTER_SET_CLIENT */;
/*!40101 SET @OLD_CHARACTER_SET_RESULTS=@@CHARACTER_SET_RESULTS */;
/*!40101 SET @OLD_COLLATION_CONNECTION=@@COLLATION_CONNECTION */;
/*!40101 SET NAMES utf8mb4 */;

--
-- Database: `eshop_db`
--

-- --------------------------------------------------------

--
-- Table structure for table `blogs`
--

CREATE TABLE `blogs` (
  `id` int(11) NOT NULL,
  `url_address` varchar(60) NOT NULL,
  `title` varchar(60) NOT NULL,
  `post` text NOT NULL,
  `image` varchar(500) DEFAULT NULL,
  `date` datetime NOT NULL,
  `user_url` varchar(60) NOT NULL
) ENGINE=InnoDB DEFAULT CHARSET=latin1;

-- --------------------------------------------------------

--
-- Table structure for table `categories`
--

CREATE TABLE `Maquillage` (
  `id` int(11) NOT NULL,
  `category` varchar(30) NOT NULL,
  `disabled` tinyint(1) NOT NULL DEFAULT 0,
  `parent` int(11) NOT NULL
) ENGINE=InnoDB DEFAULT CHARSET=latin1;

--
-- Dumping data for table `categories`
--

INSERT INTO `categories` (`id`, `category`, `disabled`, `parent`) VALUES
(1, 'Food', 0, 0),
(2, 'Drinks', 0, 0),
(4, 'Sodas', 1, 0),
(5, 'Clothes', 0, 0),
(6, 'Meat', 0, 0),
(7, 'Bags', 0, 0),
(8, 'Cars', 0, 0),
(9, 'Hats', 0, 5),
(10, 'Shirts', 0, 5),
(11, 'Another Category', 0, 0);

-- --------------------------------------------------------

--
-- Table structure for table `contact_us`
--

CREATE TABLE `contact_us` (
  `id` int(11) NOT NULL,
  `name` varchar(20) NOT NULL,
  `email` varchar(100) NOT NULL,
  `subject` varchar(30) NOT NULL,
  `message` varchar(1000) NOT NULL,
  `date` datetime NOT NULL
) ENGINE=InnoDB DEFAULT CHARSET=latin1;

--
-- Dumping data for table `contact_us`
--

INSERT INTO `contact_us` (`id`, `name`, `email`, `subject`, `message`, `date`) VALUES
(2, 'A Second Person', 'ouijdanebenyadii@gmail.com', 'a subject', 'a subject2', '2021-05-22 12:25:18');

-- --------------------------------------------------------

--
-- Table structure for table `countries`
--

CREATE TABLE `countries` (
  `id` int(11) NOT NULL,
  `country` varchar(30) NOT NULL,
  `disabled` tinyint(4) NOT NULL DEFAULT 0
) ENGINE=InnoDB DEFAULT CHARSET=latin1;

--
-- Dumping data for table `countries`
--

INSERT INTO `countries` (`id`, `country`, `disabled`) VALUES
(1, 'Zambia', 0),
(2, 'South Africa', 0);

-- --------------------------------------------------------

--
-- Table structure for table `orders`
--

CREATE TABLE `orders` (
  `id` bigint(20) NOT NULL,
  `user_url` varchar(60) NOT NULL,
  `delivery_address` varchar(1024) DEFAULT NULL,
  `total` double NOT NULL DEFAULT 0,
  `country` varchar(20) DEFAULT NULL,
  `state` varchar(20) DEFAULT NULL,
  `zip` varchar(6) DEFAULT NULL,
  `tax` double DEFAULT 0,
  `shipping` double DEFAULT 0,
  `date` datetime NOT NULL,
  `sessionid` varchar(30) NOT NULL,
  `home_phone` varchar(15) NOT NULL,
  `mobile_phone` varchar(15) NOT NULL
) ENGINE=InnoDB DEFAULT CHARSET=latin1;

--
-- Dumping data for table `orders`
--

INSERT INTO `orders` (`id`, `user_url`, `delivery_address`, `total`, `country`, `state`, `zip`, `tax`, `shipping`, `date`, `sessionid`, `home_phone`, `mobile_phone`) VALUES
(1, 'IYHtfbbTBkpFExy', 'my address in town home town', 110.92, 'Zambia', 'Nothern', '10101', 0, 0, '2021-04-21 20:38:25', 'egfghjpd9s0tri59fs8q7rlt7l', '0956789099', '2606753435'),
(2, 'IYHtfbbTBkpFExy', 'my address in town home town', 110.92, 'Zambia', 'Nothern', '10101', 0, 0, '2021-04-21 20:38:46', 'egfghjpd9s0tri59fs8q7rlt7l', '0956789099', '2606753435'),
(3, 'IYHtfbbTBkpFExy', 'plot number1 plot number 2', 72.96, 'Zambia', 'Nothern', '10101', 0, 0, '2021-04-30 12:31:47', 'o9sln93qsk4u3rkl5qvhsulcdq', '075725722', '097563635'),
(4, 'IYHtfbbTBkpFExy', 'plot 1234 new road lusaka ', 71.95, 'Zambia', 'Southern', '10101', 0, 0, '2021-05-04 21:03:14', 'o9sln93qsk4u3rkl5qvhsulcdq', '', '0986543467');

-- --------------------------------------------------------

--
-- Table structure for table `order_details`
--

CREATE TABLE `order_details` (
  `id` bigint(20) NOT NULL,
  `orderid` bigint(20) NOT NULL,
  `qty` int(11) NOT NULL,
  `description` varchar(200) NOT NULL,
  `amount` double NOT NULL,
  `total` double NOT NULL,
  `productid` bigint(20) NOT NULL
) ENGINE=InnoDB DEFAULT CHARSET=latin1;

--
-- Dumping data for table `order_details`
--

INSERT INTO `order_details` (`id`, `orderid`, `qty`, `description`, `amount`, `total`, `productid`) VALUES
(1, 1, 3, 'Milo Candy Bar', 12.99, 38.97, 9),
(2, 1, 2, 'Weet Bix 1.4 Kg', 20.99, 41.98, 8),
(3, 1, 3, 'Burger 250g With Drink', 9.99, 29.97, 7),
(4, 2, 3, 'Milo Candy Bar', 12.99, 38.97, 9),
(5, 2, 2, 'Weet Bix 1.4 Kg', 20.99, 41.98, 8),
(6, 2, 3, 'Burger 250g With Drink', 9.99, 29.97, 7),
(7, 3, 1, 'Burger 250g With Drink', 9.99, 9.99, 7),
(8, 3, 3, 'Weet Bix 1.4 Kg', 20.99, 62.97, 8),
(9, 4, 3, 'Burger 250g With Drink', 9.99, 29.97, 7),
(10, 4, 2, 'Weet Bix 1.4 Kg', 20.99, 41.98, 8);

-- --------------------------------------------------------

--
-- Table structure for table `products`
--

CREATE TABLE `products` (
  `id` int(11) NOT NULL,
  `user_url` varchar(60) NOT NULL,
  `description` varchar(200) NOT NULL,
  `category` int(11) NOT NULL,
  `price` double NOT NULL,
  `quantity` int(11) NOT NULL,
  `image` varchar(500) NOT NULL,
  `image2` varchar(500) DEFAULT NULL,
  `image3` varchar(500) DEFAULT NULL,
  `image4` varchar(500) DEFAULT NULL,
  `date` datetime NOT NULL,
  `slag` varchar(100) NOT NULL
) ENGINE=InnoDB DEFAULT CHARSET=latin1;

--
-- Dumping data for table `products`
--

INSERT INTO `products` (`id`, `user_url`, `description`, `category`, `price`, `quantity`, `image`, `image2`, `image3`, `image4`, `date`, `slag`) VALUES
(7, 'IYHtfbbTBkpFExy', 'Burger 250g With Drink', 1, 9.99, 8, 'uploads/6f7bd4cc3677b6e4ce2aeb249bfa2c32.jpg', 'uploads/Burger.jpg', 'uploads/glenlivet-12.jpg', 'uploads/sogood-landing.jpg', '2021-03-16 19:36:12', 'burger-250g-with-drink'),
(8, 'IYHtfbbTBkpFExy', 'Weet Bix 1.4 Kg', 1, 20.99, 9, 'uploads/UT83WqLXMBXXXagOFbX9.jpg', 'uploads/getmedia_3dad7ab1-ce4b-40e7-b409-82013a7f2c4b_2020_Website_Title_WB.jpg width=760&height=460&ext=.jpg', 'uploads/banetti-foods.jpg', 'uploads/351396-01.jpg-1200Wx1200H.jpg', '2021-03-16 20:07:08', 'weet-bix-1-4-kg'),
(9, 'IYHtfbbTBkpFExy', 'Milo Candy Bar', 1, 12.99, 100, 'uploads/images.jpg', 'uploads/banetti-foods.jpg', '', '', '2021-03-16 20:16:54', 'milo-candy-bar');

-- --------------------------------------------------------

--
-- Table structure for table `settings`
--

CREATE TABLE `settings` (
  `id` int(11) NOT NULL,
  `setting` varchar(30) DEFAULT NULL,
  `value` varchar(2048) DEFAULT NULL,
  `type` varchar(20) NOT NULL
) ENGINE=InnoDB DEFAULT CHARSET=latin1;

--
-- Dumping data for table `settings`
--

INSERT INTO `settings` (`id`, `setting`, `value`, `type`) VALUES
(1, 'phone_number', '+3867 676636 76373', ''),
(2, 'email', 'info@mywebsite.com', ''),
(3, 'facebook_link', 'https://www.facebook.com', ''),
(4, 'twitter_link', 'https://www.twitter.com', ''),
(5, 'linkedin_link', '', ''),
(6, 'google_plus_link', '', ''),
(7, 'website_link', '', ''),
(8, 'youtube_link', '', ''),
(9, 'contact_info', 'E-Shopper Inc.\r\n\r\n<b>935 W. Webster Ave New Streets Chicago, IL 60614, NY</b>\r\n\r\nNewyork USA\r\n\r\nMobile: +2346 17 38 93\r\n\r\nFax: 1-714-252-0026\r\n\r\nEmail: info@e-shopper.com', 'textarea');

-- --------------------------------------------------------

--
-- Table structure for table `slider_images`
--

CREATE TABLE `slider_images` (
  `id` int(11) NOT NULL,
  `header1_text` varchar(20) NOT NULL,
  `header2_text` varchar(30) DEFAULT NULL,
  `text` varchar(200) NOT NULL,
  `link` varchar(200) DEFAULT NULL,
  `image` varchar(500) DEFAULT NULL,
  `image2` varchar(500) DEFAULT NULL,
  `disabled` tinyint(1) NOT NULL DEFAULT 0
) ENGINE=InnoDB DEFAULT CHARSET=latin1;

--
-- Dumping data for table `slider_images`
--

INSERT INTO `slider_images` (`id`, `header1_text`, `header2_text`, `text`, `link`, `image`, `image2`, `disabled`) VALUES
(1, 'E-SHOP', 'Awesome Food', 'This food is awesome. try it and let me know what ya think', 'http://localhost/eshop/public/product_details/burger-250g-with-drink', 'uploads/TVqski4iWztdtAL1lTOYioOeV7L0XM767EyiWiZ5ZdzuOuZ9XhA6FE3rX3LK.jpg', '', 0),
(2, 'E-SHOP STUFF', 'Milo Is The Best', 'As you already know Milo is awesome. everyone already knows its awesome', 'http://localhost/eshop/public/product_details/milo-candy-bar', 'uploads/gHmC5YMOwdiLKJFMH6mzr1pHGpNrLAS4gDtpK8zKhbXa639sJw5YJazX4LI0.jpg', '', 0),
(3, 'Awesome Bix', 'This Is Great Food', 'The food on this picture is awesome. try it and let us know', 'http://localhost/eshop/public/product_details/weet-bix-1-4-kg', 'uploads/2hu6d0OKjiX0wrPuoj9GZoaDLUIKNa0Y8qkZr1CHol8NtkTRyTaKVj2389NN.jpg', '', 0);

-- --------------------------------------------------------

--
-- Table structure for table `states`
--

CREATE TABLE `states` (
  `id` int(11) NOT NULL,
  `parent` int(11) NOT NULL,
  `state` varchar(30) NOT NULL,
  `disabled` tinyint(4) NOT NULL DEFAULT 0
) ENGINE=InnoDB DEFAULT CHARSET=latin1;

--
-- Dumping data for table `states`
--

INSERT INTO `states` (`id`, `parent`, `state`, `disabled`) VALUES
(1, 1, 'Southern', 0),
(2, 1, 'Nothern', 0),
(3, 2, 'Sun City', 0),
(4, 2, 'Burg', 0);

-- --------------------------------------------------------

--
-- Table structure for table `users`
--

CREATE TABLE `users` (
  `id` bigint(20) NOT NULL,
  `url_address` varchar(60) NOT NULL,
  `name` varchar(100) NOT NULL,
  `email` varchar(100) NOT NULL,
  `password` varchar(64) NOT NULL,
  `date` datetime NOT NULL,
  `rank` varchar(8) NOT NULL
) ENGINE=InnoDB DEFAULT CHARSET=latin1;

--
-- Dumping data for table `users`
--

INSERT INTO `users` (`id`, `url_address`, `name`, `email`, `password`, `date`, `rank`) VALUES
(2, 'IYHtfbbTBkpFExy', 'Eathorne', 'eathorne@yahoo.com', '5baa61e4c9b93f3f0682250b6cf8331b7ee68fd8', '2021-01-27 17:44:36', 'admin'),
(3, 'BX8z7P6oUmwRDwR3yGlJdJH', 'Mary', 'mary@yahoo.com', '5baa61e4c9b93f3f0682250b6cf8331b7ee68fd8', '2021-02-02 14:57:34', 'customer');

--
-- Indexes for dumped tables
--

--
-- Indexes for table `blogs`
--
ALTER TABLE `blogs`
  ADD PRIMARY KEY (`id`),
  ADD KEY `url_address` (`url_address`),
  ADD KEY `title` (`title`),
  ADD KEY `image` (`image`),
  ADD KEY `user_url` (`user_url`);

--
-- Indexes for table `categories`
--
ALTER TABLE `categories`
  ADD PRIMARY KEY (`id`),
  ADD KEY `category` (`category`),
  ADD KEY `disabled` (`disabled`),
  ADD KEY `parent` (`parent`);

--
-- Indexes for table `contact_us`
--
ALTER TABLE `contact_us`
  ADD PRIMARY KEY (`id`),
  ADD KEY `email` (`email`),
  ADD KEY `subject` (`subject`),
  ADD KEY `name` (`name`);

--
-- Indexes for table `countries`
--
ALTER TABLE `countries`
  ADD PRIMARY KEY (`id`),
  ADD KEY `disabled` (`disabled`);

--
-- Indexes for table `orders`
--
ALTER TABLE `orders`
  ADD PRIMARY KEY (`id`),
  ADD KEY `userid` (`user_url`),
  ADD KEY `date` (`date`),
  ADD KEY `sessionid` (`sessionid`);

--
-- Indexes for table `order_details`
--
ALTER TABLE `order_details`
  ADD PRIMARY KEY (`id`),
  ADD KEY `orderid` (`orderid`),
  ADD KEY `description` (`description`);

--
-- Indexes for table `products`
--
ALTER TABLE `products`
  ADD PRIMARY KEY (`id`),
  ADD KEY `slag` (`slag`),
  ADD KEY `date` (`date`),
  ADD KEY `quantity` (`quantity`),
  ADD KEY `price` (`price`),
  ADD KEY `category` (`category`),
  ADD KEY `description` (`description`),
  ADD KEY `user_url` (`user_url`);

--
-- Indexes for table `settings`
--
ALTER TABLE `settings`
  ADD PRIMARY KEY (`id`),
  ADD KEY `setting` (`setting`);

--
-- Indexes for table `slider_images`
--
ALTER TABLE `slider_images`
  ADD PRIMARY KEY (`id`),
  ADD KEY `disabled` (`disabled`);

--
-- Indexes for table `states`
--
ALTER TABLE `states`
  ADD PRIMARY KEY (`id`),
  ADD KEY `parent` (`parent`),
  ADD KEY `disabled` (`disabled`);

--
-- Indexes for table `users`
--
ALTER TABLE `users`
  ADD PRIMARY KEY (`id`),
  ADD KEY `url_address` (`url_address`),
  ADD KEY `email` (`email`),
  ADD KEY `name` (`name`),
  ADD KEY `rank` (`rank`),
  ADD KEY `date` (`date`);

--
-- AUTO_INCREMENT for dumped tables
--

--
-- AUTO_INCREMENT for table `blogs`
--
ALTER TABLE `blogs`
  MODIFY `id` int(11) NOT NULL AUTO_INCREMENT;

--
-- AUTO_INCREMENT for table `categories`
--
ALTER TABLE `categories`
  MODIFY `id` int(11) NOT NULL AUTO_INCREMENT, AUTO_INCREMENT=12;

--
-- AUTO_INCREMENT for table `contact_us`
--
ALTER TABLE `contact_us`
  MODIFY `id` int(11) NOT NULL AUTO_INCREMENT, AUTO_INCREMENT=3;

--
-- AUTO_INCREMENT for table `countries`
--
ALTER TABLE `countries`
  MODIFY `id` int(11) NOT NULL AUTO_INCREMENT, AUTO_INCREMENT=3;

--
-- AUTO_INCREMENT for table `orders`
--
ALTER TABLE `orders`
  MODIFY `id` bigint(20) NOT NULL AUTO_INCREMENT, AUTO_INCREMENT=5;

--
-- AUTO_INCREMENT for table `order_details`
--
ALTER TABLE `order_details`
  MODIFY `id` bigint(20) NOT NULL AUTO_INCREMENT, AUTO_INCREMENT=11;

--
-- AUTO_INCREMENT for table `products`
--
ALTER TABLE `products`
  MODIFY `id` int(11) NOT NULL AUTO_INCREMENT, AUTO_INCREMENT=10;

--
-- AUTO_INCREMENT for table `settings`
--
ALTER TABLE `settings`
  MODIFY `id` int(11) NOT NULL AUTO_INCREMENT, AUTO_INCREMENT=10;

--
-- AUTO_INCREMENT for table `slider_images`
--
ALTER TABLE `slider_images`
  MODIFY `id` int(11) NOT NULL AUTO_INCREMENT, AUTO_INCREMENT=4;

--
-- AUTO_INCREMENT for table `states`
--
ALTER TABLE `states`
  MODIFY `id` int(11) NOT NULL AUTO_INCREMENT, AUTO_INCREMENT=5;

--
-- AUTO_INCREMENT for table `users`
--
ALTER TABLE `users`
  MODIFY `id` bigint(20) NOT NULL AUTO_INCREMENT, AUTO_INCREMENT=4;
COMMIT;

/*!40101 SET CHARACTER_SET_CLIENT=@OLD_CHARACTER_SET_CLIENT */;
/*!40101 SET CHARACTER_SET_RESULTS=@OLD_CHARACTER_SET_RESULTS */;
/*!40101 SET COLLATION_CONNECTION=@OLD_COLLATION_CONNECTION */;
